Date,Link
7/28/2022,https://www2.elpasotexas.gov/municipal-clerk/documents/City%20Plan%20Commission/07-28-22/agenda.htm?1778611603416
7/14/2022,https://www2.elpasotexas.gov/municipal-clerk/documents/City%20Plan%20Commission/07-14-22/agenda.htm
6/30/2022,https://www2.elpasotexas.gov/municipal-clerk/documents/City%20Plan%20Commission/06-30-22/agenda.htm
6/16/2022,https://www2.elpasotexas.gov/municipal-clerk/documents/City%20Plan%20Commission/06-16-22/agenda.htm
5/19/2022,https://www2.elpasotexas.gov/municipal-clerk/documents/City%20Plan%20Commission/05-19-22/agenda.htm
5/5/2022,https://www2.elpasotexas.gov/municipal-clerk/documents/City%20Plan%20Commission/05-05-22/agenda.htm
4/21/2022,https://www2.elpasotexas.gov/municipal-clerk/documents/City%20Plan%20Commission/04-21-22/agenda.htm
4/7/2022,https://www2.elpasotexas.gov/municipal-clerk/documents/City%20Plan%20Commission/04-07-22/agenda.htm
3/24/2022,https://www2.elpasotexas.gov/municipal-clerk/documents/City%20Plan%20Commission/03-24-22/agenda.htm
3/10/2022,https://www2.elpasotexas.gov/municipal-clerk/documents/City%20Plan%20Commission/03-10-22/agenda.htm
2/24/2022,https://www2.elpasotexas.gov/municipal-clerk/documents/City%20Plan%20Commission/02-24-22/agenda.htm
2/10/2022,https://www2.elpasotexas.gov/municipal-clerk/documents/City%20Plan%20Commission/02-10-22/agenda.htm
1/27/2022,https://www2.elpasotexas.gov/municipal-clerk/documents/City%20Plan%20Commission/01-27-22/agenda.htm
1/13/2022,https://www2.elpasotexas.gov/municipal-clerk/documents/City%20Plan%20Commission/01-13-22/agenda.htm
